,MAE,MSE,RMSE
ARIMA,18.95119086927004,371.0079863836815,19.261567599333173
timesfm,23.22669474973958,583.6372015262251,24.158584427201546
chronos,17.67580223415157,332.0240720931345,18.221527710187598
TFT_reddit_N,10.492803573608398,117.5718002319336,10.843052864074707
TFT_Reddit_Y,4.397833347320557,20.192596435546875,4.493617534637451
