,MAE,MSE,RMSE,MAPE
ARIMA,4.970876115705427,43.679190022785214,6.609023378895343,3.2618380545014816
TimesFM,6.822006184895827,68.18828559593452,8.257619850534082,4.501396066358731
Chronos,7.102665721950404,70.66923971673285,8.40649984932688,4.5929892902017215
TFT_baseline,1.8986603021621704,3.921175003051758,1.9801956415176392,1.3158646821975708
TFT_Reddit,0.5177520513534546,0.37264060974121094,0.6104429364204407,0.3577113747596741
