,MAE,MSE,RMSE,MAPE
ARIMA,18.95119086927004,371.0079863836815,19.261567599333173,6.0368903240361185
TimesFM,23.22669474973958,583.6372015262251,24.158584427201543,7.391855261607081
Chronos,17.67580223415157,332.0240720931345,18.2215277101876,5.578076040782844
TFT_baseline,9.862482070922852,101.49617767333984,10.074531555175781,3.1245534420013428
TFT_Reddit,2.944653272628784,11.175166130065918,3.3429276943206787,0.930206835269928
