,MAE,MSE,RMSE,MAPE,DA
ARIMA,4.970876115705427,43.679190022785214,6.609023378895343,3.2618380545014816,0.0
TimesFM,6.822006184895827,68.18828559593452,8.257619850534082,4.501396066358731,0.0
Chronos,7.102665721950404,70.66923971673285,8.40649984932688,4.5929892902017215,0.0
TFT_baseline,14.211410522460938,206.40396118164065,14.366765975952148,9.359685897827148,0.0
TFT_Reddit,1.5709960460662842,3.0202560424804688,1.7378883361816406,1.0427323579788208,1.0
