,MAE,MSE,RMSE
ARIMA,30.082745169766177,1600.0799998303924,40.00099998538027
timesfm,7.558894323435936,104.85100315813749,10.239677883514574
chronos,10.88948914528143,303.9124568699666,17.433085121973292
TFT_reddit_N,9.83935546875,130.77169799804688,11.435544967651367
TFT_Reddit_Y,5.993176460266113,40.715904235839844,6.380901336669922
