,MAE,MSE,RMSE,MAPE,DA
ARIMA,10.364435648339178,207.76453017744151,14.414039342857418,3.0267332968123375,1.0
TimesFM,18.324350996354173,392.2108597888741,19.804314171131352,5.353283275367597,0.0
Chronos,10.58182177526736,192.2367702262343,13.864947537810387,3.104078584605268,0.75
TFT_baseline,5.202654838562012,29.715526580810547,5.451194763183594,1.5513038635253906,1.0
TFT_Reddit,2.9957518577575684,10.607088088989258,3.256852388381958,0.8911821842193604,1.0
