,MAE,MSE,RMSE,MAPE
ARIMA,18.95119086927004,371.0079863836815,19.261567599333173,6.0368903240361185
TimesFM,23.22669474973958,583.6372015262251,24.158584427201543,7.391855261607081
Chronos,17.67580223415157,332.0240720931345,18.2215277101876,5.578076040782844
TFT_baseline,10.492803573608398,117.5718002319336,10.843052864074709,3.327437400817871
TFT_Reddit_Y,4.397833347320557,20.192596435546875,4.493617534637451,1.39031982421875
