,MAE,MSE,RMSE,MAPE,DA
ARIMA,8.067536037836783,91.59604446591557,9.570582242785209,5.206083526810788,0.0
TimesFM,6.822006184895827,68.18828559593452,8.257619850534082,4.501396066358731,0.0
Chronos,7.102665721950404,70.66923971673285,8.40649984932688,4.5929892902017215,0.0
TFT_baseline,14.078485488891602,202.6090087890625,14.234079360961914,9.272316932678224,0.0
TFT_Reddit,1.5928223133087158,2.9933581352233887,1.7301324605941772,1.0465370416641235,1.0
