,MAE,MSE,RMSE
ARIMA,16.274951712226123,343.8308311829582,18.542675944505913
timesfm,16.721158815437395,324.3647430894171,18.010128902631905
chronos,10.581821775267361,192.23677022623434,13.864947537810387
TFT_reddit_N,7.728546142578125,82.46904754638672,9.081247329711914
TFT_Reddit_Y,3.7018370628356934,23.60733413696289,4.858737945556641
